"Data Source","World Development Indicators",

"Last Updated Date","2021-05-25",

"Country Name","Country Code","Indicator Name","Indicator Code","1960","1961","1962","1963","1964","1965","1966","1967","1968","1969","1970","1971","1972","1973","1974","1975","1976","1977","1978","1979","1980","1981","1982","1983","1984","1985","1986","1987","1988","1989","1990","1991","1992","1993","1994","1995","1996","1997","1998","1999","2000","2001","2002","2003","2004","2005","2006","2007","2008","2009","2010","2011","2012","2013","2014","2015","2016","2017","2018","2019","2020",
"Aruba","ABW","Community health workers (per 1,000 people)","SH.MED.CMHW.P3","","","","","","","","","","","","","","","","","","","","","","","","","","","","","","","","","","","","","","","","","","","","","","","","","","","","","","","","","","","","","",
"Afghanistan","AFG","Community health workers (per 1,000 people)","SH.MED.CMHW.P3","","","","","","","","","","","","","","","","","","","","","","","","","","","","","","","","","","","","","","","","","","","","","","","","","","","","","","","","","","","","","",
"Angola","AGO","Community health workers (per 1,000 people)","SH.MED.CMHW.P3","","","","","","","","","","","","","","","","","","","","","","","","","","","","","","","","","","","","","","","","","","","","","","","","","","","","","","","","","","","","","",
"Albania","ALB","Community health workers (per 1,000 people)","SH.MED.CMHW.P3","","","","","","","","","","","","","","","","","","","","","","","","","","","","","","","","","","","","","","","","","","","","","","","","","","","","","","","","","","","","","",
"Andorra","AND","Community health workers (per 1,000 people)","SH.MED.CMHW.P3","","","","","","","","","","","","","","","","","","","","","","","","","","","","","","","","","","","","","","","","","","","","","","","","","","","","","","","","","","","","","",
"Arab World","ARB","Community health workers (per 1,000 people)","SH.MED.CMHW.P3","","","","","","","","","","","","","","","","","","","","","","","","","","","","","","","","","","","","","","","","","","","","","","","","","","","","","","","","","","","","","",
"United Arab Emirates","ARE","Community health workers (per 1,000 people)","SH.MED.CMHW.P3","","","","","","","","","","","","","","","","","","","","","","","","","","","","","","","","","","","","","","","","","","","","","","","","","","","","","","","","","","","","","",
"Argentina","ARG","Community health workers (per 1,000 people)","SH.MED.CMHW.P3","","","","","","","","","","","","","","","","","","","","","","","","","","","","","","","","","","","","","","","","","","","","","","","","","","","","","","","","","","","","","",
"Armenia","ARM","Community health workers (per 1,000 people)","SH.MED.CMHW.P3","","","","","","","","","","","","","","","","","","","","","","","","","","","","","","","","","","","","","","","","","","","","","","","","","","","","","","","","","","","","","",
"American Samoa","ASM","Community health workers (per 1,000 people)","SH.MED.CMHW.P3","","","","","","","","","","","","","","","","","","","","","","","","","","","","","","","","","","","","","","","","","","","","","","","","","","","","","","","","","","","","","",
"Antigua and Barbuda","ATG","Community health workers (per 1,000 people)","SH.MED.CMHW.P3","","","","","","","","","","","","","","","","","","","","","","","","","","","","","","","","","","","","","","","","","","","","","","","","","","","","","","","","","","","","","",
"Australia","AUS","Community health workers (per 1,000 people)","SH.MED.CMHW.P3","","","","","","","","","","","","","","","","","","","","","","","","","","","","","","","","","","","","","0.039","","","","","0.197","","","","","0.049","","","","","","","","","","","","","","",
"Austria","AUT","Community health workers (per 1,000 people)","SH.MED.CMHW.P3","","","","","","","","","","","","","","","","","","","","","","","","","","","","","","","","","","","","","","","","","","","","","","","","","","","","","","","","","","","","","",
"Azerbaijan","AZE","Community health workers (per 1,000 people)","SH.MED.CMHW.P3","","","","","","","","","","","","","","","","","","","","","","","","","","","","","","","","","","","","","","","","","","","","","","","","","","","","","","","","","","","","","",
"Burundi","BDI","Community health workers (per 1,000 people)","SH.MED.CMHW.P3","","","","","","","","","","","","","","","","","","","","","","","","","","","","","","","","","","","","","","","","","","","","","0.072","","","","","","","","","","","","","","","","",
"Belgium","BEL","Community health workers (per 1,000 people)","SH.MED.CMHW.P3","","","","","","","","","","","","","","","","","","","","","","","","","","","","","","","","","","","","","","","","","","","","","","","","","","","","","","","","","","","","","",
"Benin","BEN","Community health workers (per 1,000 people)","SH.MED.CMHW.P3","","","","","","","","","","","","","","","","","","","","","","","","","","","","","","","","","","","","","","","","","","","","","","","","","","","","","","","","","","","","","",
"Burkina Faso","BFA","Community health workers (per 1,000 people)","SH.MED.CMHW.P3","","","","","","","","","","","","","","","","","","","","","","","","","","","","","","","","","","","","","","","","","","","","","0.092","","0.091","","","","0.126","","0.127","","","","","","","","",
"Bangladesh","BGD","Community health workers (per 1,000 people)","SH.MED.CMHW.P3","","","","","","","","","","","","","","","","","","","","","","","","","","","","","","","","","","","","","","","","","","","","","0.151","0.147","","","","","","0.393","0.476","","","","","","","","",
"Bulgaria","BGR","Community health workers (per 1,000 people)","SH.MED.CMHW.P3","","","","","","","","","","","","","","","","","","","","","","","","","","","","","","","","","","","","","","","","","","","","","","","","","","","","","","","","","","","","","",
"Bahrain","BHR","Community health workers (per 1,000 people)","SH.MED.CMHW.P3","","","","","","","","","","","","","","","","","","","","","","","","","","","","","","","","","","","","","","","","","","","","","","","","","","","","","","","","","","","","","",
"Bahamas, The","BHS","Community health workers (per 1,000 people)","SH.MED.CMHW.P3","","","","","","","","","","","","","","","","","","","","","","","","","","","","","","","","","","","","","","","","","","","","","","","","","","","","","","","","","","","","","",
"Bosnia and Herzegovina","BIH","Community health workers (per 1,000 people)","SH.MED.CMHW.P3","","","","","","","","","","","","","","","","","","","","","","","","","","","","","","","","","","","","","","","","","","","","","","","","","","","","","","","","","","","","","",
"Belarus","BLR","Community health workers (per 1,000 people)","SH.MED.CMHW.P3","","","","","","","","","","","","","","","","","","","","","","","","","","","","","","","","","","","","","","","","","","","","","","","","","","","","","","","","","","","","","",
"Belize","BLZ","Community health workers (per 1,000 people)","SH.MED.CMHW.P3","","","","","","","","","","","","","","","","","","","","","","","","","","","","","","","","","","","","","","","","","","","","","","","","","","0.503","","","","","","","","","","","",
"Bermuda","BMU","Community health workers (per 1,000 people)","SH.MED.CMHW.P3","","","","","","","","","","","","","","","","","","","","","","","","","","","","","","","","","","","","","","","","","","","","","","","","","","","","","","","","","","","","","",
"Bolivia","BOL","Community health workers (per 1,000 people)","SH.MED.CMHW.P3","","","","","","","","","","","","","","","","","","","","","","","","","","","","","","","","","","","","","","","","","","0.118","","","","","","","","","","","","","","","","","","","",
"Brazil","BRA","Community health workers (per 1,000 people)","SH.MED.CMHW.P3","","","","","","","","","","","","","","","","","","","","","","","","","","","","","","","","","","","","","","","","","","","","","","","","","","","","","","","","","","","","","",
"Barbados","BRB","Community health workers (per 1,000 people)","SH.MED.CMHW.P3","","","","","","","","","","","","","","","","","","","","","","","","","","","","","","","","","","","","","","","","","","","","","","","","","","","","","","","","","","","","","",
"Brunei Darussalam","BRN","Community health workers (per 1,000 people)","SH.MED.CMHW.P3","","","","","","","","","","","","","","","","","","","","","","","","","","","","","","","","","","","","","","","","","","","","","","","","","","","","","","","","","","","","","",
"Bhutan","BTN","Community health workers (per 1,000 people)","SH.MED.CMHW.P3","","","","","","","","","","","","","","","","","","","","","","","","","","","","","","","","","","","","","","","","","","","","","0.732","","","0.728","0.129","","","","0.909","0.155","0.178","0.19","0.069","","","","",
"Botswana","BWA","Community health workers (per 1,000 people)","SH.MED.CMHW.P3","","","","","","","","","","","","","","","","","","","","","","","","","","","","","","","","","","","","","","","0.442","0.454","0.731","0.466","0.482","0.479","","0.494","0.485","","0.229","0.083","","","","","","","","","","","",
"Central African Republic","CAF","Community health workers (per 1,000 people)","SH.MED.CMHW.P3","","","","","","","","","","","","","","","","","","","","","","","","","","","","","","","","","","","","","","","","","","","","","0.025","","","","0.408","0.393","","","","","","","","","","","",
"Canada","CAN","Community health workers (per 1,000 people)","SH.MED.CMHW.P3","","","","","","","","","","","","","","","","","","","","","","","","","","","","","","","","","","","","","","","","","","","","","","","","","","","","","","","","","","","","","",
"Central Europe and the Baltics","CEB","Community health workers (per 1,000 people)","SH.MED.CMHW.P3","","","","","","","","","","","","","","","","","","","","","","","","","","","","","","","","","","","","","","","","","","","","","","","","","","","","","","","","","","","","","",
"Switzerland","CHE","Community health workers (per 1,000 people)","SH.MED.CMHW.P3","","","","","","","","","","","","","","","","","","","","","","","","","","","","","","","","","","","","","","","","","","","","","","","","","","","","","","","","","","","","","",
"Channel Islands","CHI","Community health workers (per 1,000 people)","SH.MED.CMHW.P3","","","","","","","","","","","","","","","","","","","","","","","","","","","","","","","","","","","","","","","","","","","","","","","","","","","","","","","","","","","","","",
"Chile","CHL","Community health workers (per 1,000 people)","SH.MED.CMHW.P3","","","","","","","","","","","","","","","","","","","","","","","","","","","","","","","","","0.021","","","","","","","","","","","","","","","","","","","","","","","","","","","","",
"China","CHN","Community health workers (per 1,000 people)","SH.MED.CMHW.P3","","","","","","","","","","","","","","","","","","","","","","","","","","","","","","","1.061","","","","","1.078","1.057","1.051","1.052","1.043","1.033","0.084","","0.668","0.676","0.698","0.725","0.702","0.703","0.83","0.81","0.831","","","","","","","","","",
"Cote d'Ivoire","CIV","Community health workers (per 1,000 people)","SH.MED.CMHW.P3","","","","","","","","","","","","","","","","","","","","","","","","","","","","","","","","","","","","","","","","","","","","","","","","","","","","","","","","","","","","","",
"Cameroon","CMR","Community health workers (per 1,000 people)","SH.MED.CMHW.P3","","","","","","","","","","","","","","","","","","","","","","","","","","","","","","","","","","","","","","","","","","","","","","","","","","","","","","","","","","","","","",
"Congo, Dem. Rep.","COD","Community health workers (per 1,000 people)","SH.MED.CMHW.P3","","","","","","","","","","","","","","","","","","","","","","","","","","","","","","","","","","","","","","","","","","","","","","","","","","","","","","","","","","","","","",
"Congo, Rep.","COG","Community health workers (per 1,000 people)","SH.MED.CMHW.P3","","","","","","","","","","","","","","","","","","","","","","","","","","","","","","","","","","","","","","","","","","","","","","","","","","","","","","","","","","","","","",
"Colombia","COL","Community health workers (per 1,000 people)","SH.MED.CMHW.P3","","","","","","","","","","","","","","","","","","","","","","","","","","","","","","","","","","","","","","","","","","","","","","","","","","","","","","","","","","","","","",
"Comoros","COM","Community health workers (per 1,000 people)","SH.MED.CMHW.P3","","","","","","","","","","","","","","","","","","","","","","","","","","","","","","","","","","","","","","","","","","","","","","","","","","","","","","","","","","","","","",
"Cabo Verde","CPV","Community health workers (per 1,000 people)","SH.MED.CMHW.P3","","","","","","","","","","","","","","","","","","","","","","","","","","","","","","","","","","","","","","","","","","","","","0.139","","","","","","","","","","","","","","","","",
"Costa Rica","CRI","Community health workers (per 1,000 people)","SH.MED.CMHW.P3","","","","","","","","","","","","","","","","","","","","","","","","","","","","","","","","","","","","","","","","","","","","","","","","","","","","","","","","","","","","","",
"Caribbean small states","CSS","Community health workers (per 1,000 people)","SH.MED.CMHW.P3","","","","","","","","","","","","","","","","","","","","","","","","","","","","","","","","","","","","","","","","","","","","","","","","","","","","","","","","","","","","","",
"Cuba","CUB","Community health workers (per 1,000 people)","SH.MED.CMHW.P3","","","","","","","","","","","","","","","","","","","","","","","","","","","","","","","","","","","","","","","","","","","","","","","","","","","","","","","","","","","","","",
"Curacao","CUW","Community health workers (per 1,000 people)","SH.MED.CMHW.P3","","","","","","","","","","","","","","","","","","","","","","","","","","","","","","","","","","","","","","","","","","","","","","","","","","","","","","","","","","","","","",
"Cayman Islands","CYM","Community health workers (per 1,000 people)","SH.MED.CMHW.P3","","","","","","","","","","","","","","","","","","","","","","","","","","","","","","","","","","","","","","","","","","","","","","","","","","","","","","","","","","","","","",
"Cyprus","CYP","Community health workers (per 1,000 people)","SH.MED.CMHW.P3","","","","","","","","","","","","","","","","","","","","","","","","","","","","","","","","","","","","","","","","","","","","","","","","","","","","","","","","","","","","","",
"Czech Republic","CZE","Community health workers (per 1,000 people)","SH.MED.CMHW.P3","","","","","","","","","","","","","","","","","","","","","","","","","","","","","","","","","","","","","","","","","","","","","","","","","","","","","","","","","","","","","",
"Germany","DEU","Community health workers (per 1,000 people)","SH.MED.CMHW.P3","","","","","","","","","","","","","","","","","","","","","","","","","","","","","","","","","","","","","","","","","","","","","","","","","","","","","","","","","","","","","",
"Djibouti","DJI","Community health workers (per 1,000 people)","SH.MED.CMHW.P3","","","","","","","","","","","","","","","","","","","","","","","","","","","","","","","","","","","","","","","","","","","","","","","","","","","","","","","","","","","","","",
"Dominica","DMA","Community health workers (per 1,000 people)","SH.MED.CMHW.P3","","","","","","","","","","","","","","","","","","","","","","","","","","","","","","","","","","","","","","","","","","","","","","","","","","","","","","","","","","","","","",
"Denmark","DNK","Community health workers (per 1,000 people)","SH.MED.CMHW.P3","","","","","","","","","","","","","","","","","","","","","","","","","","","","","","","","","","","","","","","","","","","","","","","","","","","","","","","","","","","","","",
"Dominican Republic","DOM","Community health workers (per 1,000 people)","SH.MED.CMHW.P3","","","","","","","","","","","","","","","","","","","","","","","","","","","","","","","","","","","","","","","","","","","","","","","","","","","","","","","","","","","","","",
"Algeria","DZA","Community health workers (per 1,000 people)","SH.MED.CMHW.P3","","","","","","","","","","","","","","","","","","","","","","","","","","","","","","","","","","","","","","","","","","","","","","","","","","","","","","","","","","","","","",
"East Asia & Pacific (excluding high income)","EAP","Community health workers (per 1,000 people)","SH.MED.CMHW.P3","","","","","","","","","","","","","","","","","","","","","","","","","","","","","","","1.061","","","","","","","","","","0.986744732666023","","","","","","","","","","","0.681475436996023","","","","","","","","","",
"Early-demographic dividend","EAR","Community health workers (per 1,000 people)","SH.MED.CMHW.P3","","","","","","","","","","","","","","","","","","","","","","","","","","","","","","","","","","","","","","","","","","","","","","","","","","","","0.427024529191437","","","","","","","","","",
"East Asia & Pacific","EAS","Community health workers (per 1,000 people)","SH.MED.CMHW.P3","","","","","","","","","","","","","","","","","","","","","","","","","","","","","","","","","","","","","","","","","","","","","","","","","","","","0.672182571585456","","","","","","","","","",
"Europe & Central Asia (excluding high income)","ECA","Community health workers (per 1,000 people)","SH.MED.CMHW.P3","","","","","","","","","","","","","","","","","","","","","","","","","","","","","","","","","","","","","","","","","","","","","","","","","","","","","","","","","","","","","",
"Europe & Central Asia","ECS","Community health workers (per 1,000 people)","SH.MED.CMHW.P3","","","","","","","","","","","","","","","","","","","","","","","","","","","","","","","","","","","","","","","","","","","","","","","","","","","","","","","","","","","","","",
"Ecuador","ECU","Community health workers (per 1,000 people)","SH.MED.CMHW.P3","","","","","","","","","","","","","","","","","","","","","","","","","","","","","","","","","","","","","","","","","","","","","","","","","","","","","","","","","","","","","",
"Egypt, Arab Rep.","EGY","Community health workers (per 1,000 people)","SH.MED.CMHW.P3","","","","","","","","","","","","","","","","","","","","","","","","","","","","","","","","","","","","","","","","","","","","","","","","","","","","","","","","","","","","","",
"Euro area","EMU","Community health workers (per 1,000 people)","SH.MED.CMHW.P3","","","","","","","","","","","","","","","","","","","","","","","","","","","","","","","","","","","","","","","","","","","","","","","","","","","","","","","","","","","","","",
"Eritrea","ERI","Community health workers (per 1,000 people)","SH.MED.CMHW.P3","","","","","","","","","","","","","","","","","","","","","","","","","","","","","","","","","","","","","","","","","","","","","","","","","","","","","","","","","","","","","",
"Spain","ESP","Community health workers (per 1,000 people)","SH.MED.CMHW.P3","","","","","","","","","","","","","","","","","","","","","","","","","","","","","","","","","","","","","","","","","","","","","","","","","","","","","","","","","","","","","",
"Estonia","EST","Community health workers (per 1,000 people)","SH.MED.CMHW.P3","","","","","","","","","","","","","","","","","","","","","","","","","","","","","","","","","","","","","","","","","0.031","","","","","","","","","","","","","","","","","","","","",
"Ethiopia","ETH","Community health workers (per 1,000 people)","SH.MED.CMHW.P3","","","","","","","","","","","","","","","","","","","","","","","","","","","","","","","","","","","","","","","","","","","","0.185","0.211","","","0.218","0.296","0.363","","","","","","","","","","","",
"European Union","EUU","Community health workers (per 1,000 people)","SH.MED.CMHW.P3","","","","","","","","","","","","","","","","","","","","","","","","","","","","","","","","","","","","","","","","","","","","","","","","","","","","","","","","","","","","","",
"Fragile and conflict affected situations","FCS","Community health workers (per 1,000 people)","SH.MED.CMHW.P3","","","","","","","","","","","","","","","","","","","","","","","","","","","","","","","","","","","","","","","","","","","","","","","","","","","","","","","","","","","","","",
"Finland","FIN","Community health workers (per 1,000 people)","SH.MED.CMHW.P3","","","","","","","","","","","","","","","","","","","","","","","","","","","","","","","","","","","","","","","","","","","","","","","","","","","","","","","","","","","","","",
"Fiji","FJI","Community health workers (per 1,000 people)","SH.MED.CMHW.P3","","","","","","","","","","","","","","","","","","","","","","","","","","","","","","","","","","","","","","","","","","","","","","","","","","","","","","","","","","","","","",
"France","FRA","Community health workers (per 1,000 people)","SH.MED.CMHW.P3","","","","","","","","","","","","","","","","","","","","","","","","","","","","","","","","","","","","","","","","","","","","","","","","0.028","","","","","","","","","","","","","",
"Faroe Islands","FRO","Community health workers (per 1,000 people)","SH.MED.CMHW.P3","","","","","","","","","","","","","","","","","","","","","","","","","","","","","","","","","","","","","","","","","","","","","","","","","","","","","","","","","","","","","",
"Micronesia, Fed. Sts.","FSM","Community health workers (per 1,000 people)","SH.MED.CMHW.P3","","","","","","","","","","","","","","","","","","","","","","","","","","","","","","","","","","","","","","","","","","","","","","","","","0.297","","","","","","","","","","","","",
"Gabon","GAB","Community health workers (per 1,000 people)","SH.MED.CMHW.P3","","","","","","","","","","","","","","","","","","","","","","","","","","","","","","","","","","","","","","","","","","","","","","","","","","","","","","","","","","","","","",
"United Kingdom","GBR","Community health workers (per 1,000 people)","SH.MED.CMHW.P3","","","","","","","","","","","","","","","","","","","","","","","","","","","","","","","","","","","","","","","","","","","","","","","","","","","","","","","","","","","","","",
"Georgia","GEO","Community health workers (per 1,000 people)","SH.MED.CMHW.P3","","","","","","","","","","","","","","","","","","","","","","","","","","","","","","","","","","","","","","","","","","","","","","","","","","","","","","","","","","","","","",
"Ghana","GHA","Community health workers (per 1,000 people)","SH.MED.CMHW.P3","","","","","","","","","","","","","","","","","","","","","","","","","","","","","","","","","","","","","","","0.488","0.556","0.556","0.556","0.556","0.563","","","","","0.195","","","","","","","","","","","","",
"Gibraltar","GIB","Community health workers (per 1,000 people)","SH.MED.CMHW.P3","","","","","","","","","","","","","","","","","","","","","","","","","","","","","","","","","","","","","","","","","","","","","","","","","","","","","","","","","","","","","",
"Guinea","GIN","Community health workers (per 1,000 people)","SH.MED.CMHW.P3","","","","","","","","","","","","","","","","","","","","","","","","","","","","","","","","","","","","","","","","","","","","","","","","","","","","","","","","","0.517","","","","",
"Gambia, The","GMB","Community health workers (per 1,000 people)","SH.MED.CMHW.P3","","","","","","","","","","","","","","","","","","","","","","","","","","","","","","","","","","","","","","","","","","","","0.305","","","","0.752","0.725","","","","","","","","","","","","",
"Guinea-Bissau","GNB","Community health workers (per 1,000 people)","SH.MED.CMHW.P3","","","","","","","","","","","","","","","","","","","","","","","","","","","","","","","","","","","","","","","","","","","","","1.645","","","","","","","","","","","","","","","","",
"Equatorial Guinea","GNQ","Community health workers (per 1,000 people)","SH.MED.CMHW.P3","","","","","","","","","","","","","","","","","","","","","","","","","","","","","","","","","","","","","","","","","","","","","0.508","","","","","","","","","","","","","","","","",
"Greece","GRC","Community health workers (per 1,000 people)","SH.MED.CMHW.P3","","","","","","","","","","","","","","","","","","","","","","","","","","","","","","","","","","","","","","","","","","","","","","","","","","","","","","","","","","","","","",
"Grenada","GRD","Community health workers (per 1,000 people)","SH.MED.CMHW.P3","","","","","","","","","","","","","","","","","","","","","","","","","","","","","","","","","","","","","","","0.395","0.444","0.443","0.442","0.441","0.44","","","","","","","","","","","","","","","","","",
"Greenland","GRL","Community health workers (per 1,000 people)","SH.MED.CMHW.P3","","","","","","","","","","","","","","","","","","","","","","","","","","","","","","","","","","","","","","","","","","","","","","","","","","","","","","","","","","","","","",
"Guatemala","GTM","Community health workers (per 1,000 people)","SH.MED.CMHW.P3","","","","","","","","","","","","","","","","","","","","","","","","","","","","","","","","","","","","","","","","","","","","","","","","","","","","","","","","","","","","","",
"Guam","GUM","Community health workers (per 1,000 people)","SH.MED.CMHW.P3","","","","","","","","","","","","","","","","","","","","","","","","","","","","","","","","","","","","","","","","","","","","","","","","","","","","","","","","","","","","","",
"Guyana","GUY","Community health workers (per 1,000 people)","SH.MED.CMHW.P3","","","","","","","","","","","","","","","","","","","","","","","","","","","","","","","","","","","","","","","","","","","","","","","","","","0.326","0.325","","","","","","","","","","",
"High income","HIC","Community health workers (per 1,000 people)","SH.MED.CMHW.P3","","","","","","","","","","","","","","","","","","","","","","","","","","","","","","","","","","","","","","","","","","","","","","","","","","","","","","","","","","","","","",
"Hong Kong SAR, China","HKG","Community health workers (per 1,000 people)","SH.MED.CMHW.P3","","","","","","","","","","","","","","","","","","","","","","","","","","","","","","","","","","","","","","","","","","","","","","","","","","","","","","","","","","","","","",
"Honduras","HND","Community health workers (per 1,000 people)","SH.MED.CMHW.P3","","","","","","","","","","","","","","","","","","","","","","","","","","","","","","","","","","","","","","","","","","","","","","","","","","","","","","","","","","","","","",
"Heavily indebted poor countries (HIPC)","HPC","Community health workers (per 1,000 people)","SH.MED.CMHW.P3","","","","","","","","","","","","","","","","","","","","","","","","","","","","","","","","","","","","","","","","","","","","","","","","","","","","","","","","","","","","","",
"Croatia","HRV","Community health workers (per 1,000 people)","SH.MED.CMHW.P3","","","","","","","","","","","","","","","","","","","","","","","","","","","","","","","","","","","","","","","","","","","","","","","","","","","","","","","","","","","","","",
"Haiti","HTI","Community health workers (per 1,000 people)","SH.MED.CMHW.P3","","","","","","","","","","","","","","","","","","","","","","","","","","","","","","","","","","","","","","","","","","","","","","","","","","","","","","","","","","","","","",
"Hungary","HUN","Community health workers (per 1,000 people)","SH.MED.CMHW.P3","","","","","","","","","","","","","","","","","","","","","","","","","","","","","","","","","","","","","","","","","","","","","","","","","","","","","","","","","","","","","",
"IBRD only","IBD","Community health workers (per 1,000 people)","SH.MED.CMHW.P3","","","","","","","","","","","","","","","","","","","","","","","","","","","","","","","","","","","","","","","","","","","","","","","","","","","","","","","","","","","","","",
"IDA & IBRD total","IBT","Community health workers (per 1,000 people)","SH.MED.CMHW.P3","","","","","","","","","","","","","","","","","","","","","","","","","","","","","","","","","","","","","","","","","","","","","","","","","","","","","","","","","","","","","",
"IDA total","IDA","Community health workers (per 1,000 people)","SH.MED.CMHW.P3","","","","","","","","","","","","","","","","","","","","","","","","","","","","","","","","","","","","","","","","","","","","","","","","","","","","","","","","","","","","","",
"IDA blend","IDB","Community health workers (per 1,000 people)","SH.MED.CMHW.P3","","","","","","","","","","","","","","","","","","","","","","","","","","","","","","","","","","","","","","","","","","","","","","","","","","","","0.116589606198712","","","","","","","","","",
"Indonesia","IDN","Community health workers (per 1,000 people)","SH.MED.CMHW.P3","","","","","","","","","","","","","","","","","","","","","","","","","","","","","","","","","","","","","","","","","","","","","","","","","","","","","","","","0","","","","","",
"IDA only","IDX","Community health workers (per 1,000 people)","SH.MED.CMHW.P3","","","","","","","","","","","","","","","","","","","","","","","","","","","","","","","","","","","","","","","","","","","","","","","","","","","","","","","","","","","","","",
"Isle of Man","IMN","Community health workers (per 1,000 people)","SH.MED.CMHW.P3","","","","","","","","","","","","","","","","","","","","","","","","","","","","","","","","","","","","","","","","","","","","","","","","","","","","","","","","","","","","","",
"India","IND","Community health workers (per 1,000 people)","SH.MED.CMHW.P3","","","","","","","","","","","","","","","","","","","","","","","","","","","","","","","","0.154","","","","","","","","","","","","0.627","0.621","0.627","0.614","0.614","0.63","0.62","0.578","0.504","","","","","0.581","","","","",
"Not classified","INX","Community health workers (per 1,000 people)","SH.MED.CMHW.P3","","","","","","","","","","","","","","","","","","","","","","","","","","","","","","","","","","","","","","","","","","","","","","","","","","","","","","","","","","","","","",
"Ireland","IRL","Community health workers (per 1,000 people)","SH.MED.CMHW.P3","","","","","","","","","","","","","","","","","","","","","","","","","","","","","","","","","","","","","","","","","","","","","","","","","","","","","","","","","","","","","",
"Iran, Islamic Rep.","IRN","Community health workers (per 1,000 people)","SH.MED.CMHW.P3","","","","","","","","","","","","","","","","","","","","","","","","","","","","","","","","","","","","","","","","","","","","","0.364","","","","","","","","","","","","","","","","",
"Iraq","IRQ","Community health workers (per 1,000 people)","SH.MED.CMHW.P3","","","","","","","","","","","","","","","","","","","","","","","","","","","","","","","","","","","","","","","","","","","","","0.006","","","","","","","","","","","","","","","","",
"Iceland","ISL","Community health workers (per 1,000 people)","SH.MED.CMHW.P3","","","","","","","","","","","","","","","","","","","","","","","","","","","","","","","","","","","","","","","","","","","","","","","","","","","","","","","","","","","","","",
"Israel","ISR","Community health workers (per 1,000 people)","SH.MED.CMHW.P3","","","","","","","","","","","","","","","","","","","","","","","","","","","","","","","","","","","","","","","","","","","","","","","","","","","","","","","","","","","","","",
"Italy","ITA","Community health workers (per 1,000 people)","SH.MED.CMHW.P3","","","","","","","","","","","","","","","","","","","","","","","","","","","","","","","","","","","","","","","","","","","","","","","","","","","","","","","","","","","","","",
"Jamaica","JAM","Community health workers (per 1,000 people)","SH.MED.CMHW.P3","","","","","","","","","","","","","","","","","","","","","","","","","","","","","","","","","","","","","","","","","","","","","","","","","0.268","","","","0.233","0.251","0.255","0.307","0.319","","","","",
"Jordan","JOR","Community health workers (per 1,000 people)","SH.MED.CMHW.P3","","","","","","","","","","","","","","","","","","","","","","","","","","","","","","","","","","","","","","","","","","","","","0.193","","","","","","","","","","","","","","","","",
"Japan","JPN","Community health workers (per 1,000 people)","SH.MED.CMHW.P3","","","","","","","","","","","","","","","","","","","","","","","","","","","","","","","","","","","","","","","","","","","","","","","","","","","","","","","","","","","","","",
"Kazakhstan","KAZ","Community health workers (per 1,000 people)","SH.MED.CMHW.P3","","","","","","","","","","","","","","","","","","","","","","","","","","","","","","","","","","","","","","","","","","","","","","","","","","","","","","","","","","","","","",
"Kenya","KEN","Community health workers (per 1,000 people)","SH.MED.CMHW.P3","","","","","","","","","","","","","","","","","","","","","","","","","","","","","","","","","","","","","","","","","","","","","","","","","","","","","","","","","","","","","",
"Kyrgyz Republic","KGZ","Community health workers (per 1,000 people)","SH.MED.CMHW.P3","","","","","","","","","","","","","","","","","","","","","","","","","","","","","","","","","","","","","","","","","","","","","","","","","","","","","","","","","","","","","",
"Cambodia","KHM","Community health workers (per 1,000 people)","SH.MED.CMHW.P3","","","","","","","","","","","","","","","","","","","","","","","","","","","","","","","","","","","","","","","","","","","","","0.125","","","","","","","","","","","","","","","","",
"Kiribati","KIR","Community health workers (per 1,000 people)","SH.MED.CMHW.P3","","","","","","","","","","","","","","","","","","","","","","","","","","","","","","","","","","","","","","","","","","","","","","","","","","","","","","","","","","","","","",
"St. Kitts and Nevis","KNA","Community health workers (per 1,000 people)","SH.MED.CMHW.P3","","","","","","","","","","","","","","","","","","","","","","","","","","","","","","","0.416","0.415","0.411","0.406","0.401","0.396","0.392","0.387","0.721","0.712","","1.039","","","","","","","","","","","","","","","","","","","",
"Korea, Rep.","KOR","Community health workers (per 1,000 people)","SH.MED.CMHW.P3","","","","","","","","","","","","","","","","","","","","","","","","","","","","","","","","","","","","","","","","","","","","","0.326","0.321","0.332","0.347","0.362","0.377","","","","","","","","","","","",
"Kuwait","KWT","Community health workers (per 1,000 people)","SH.MED.CMHW.P3","","","","","","","","","","","","","","","","","","","","","","","","","","","","","","","","","","","","","","","","","","","","","","","","","","","","","","","","","","","","","",
"Latin America & Caribbean (excluding high income)","LAC","Community health workers (per 1,000 people)","SH.MED.CMHW.P3","","","","","","","","","","","","","","","","","","","","","","","","","","","","","","","","","","","","","","","","","","","","","","","","","","","","","","","","","","","","","",
"Lao PDR","LAO","Community health workers (per 1,000 people)","SH.MED.CMHW.P3","","","","","","","","","","","","","","","","","","","","","","","","","","","","","","","","","","","","","","","","","","","","","","","","","","","","","","","","","","","","","",
"Lebanon","LBN","Community health workers (per 1,000 people)","SH.MED.CMHW.P3","","","","","","","","","","","","","","","","","","","","","","","","","","","","","","","","","","","","","","","","","","","","","","","","","","","","","","","","","","","","","",
"Liberia","LBR","Community health workers (per 1,000 people)","SH.MED.CMHW.P3","","","","","","","","","","","","","","","","","","","","","","","","","","","","","","","","","","","","","","","","","","","","","","","","","","","0.061","","","","","","","","","","",
"Libya","LBY","Community health workers (per 1,000 people)","SH.MED.CMHW.P3","","","","","","","","","","","","","","","","","","","","","","","","","","","","","","","","","","","","","","","","","","","","","","","","","","","","","","","","","","","","","",
"St. Lucia","LCA","Community health workers (per 1,000 people)","SH.MED.CMHW.P3","","","","","","","","","","","","","","","","","","","","","","","","","","","","","","","","","","","","","","","","","","","","","","","","","","","","","","","","","","","","","",
"Latin America & Caribbean","LCN","Community health workers (per 1,000 people)","SH.MED.CMHW.P3","","","","","","","","","","","","","","","","","","","","","","","","","","","","","","","","","","","","","","","","","","","","","","","","","","","","","","","","","","","","","",
"Least developed countries: UN classification","LDC","Community health workers (per 1,000 people)","SH.MED.CMHW.P3","","","","","","","","","","","","","","","","","","","","","","","","","","","","","","","","","","","","","","","","","","","","","","","","","","","","","","","","","","","","","",
"Low income","LIC","Community health workers (per 1,000 people)","SH.MED.CMHW.P3","","","","","","","","","","","","","","","","","","","","","","","","","","","","","","","","","","","","","","","","","","","","","","","","","","","","","","","","","","","","","",
"Liechtenstein","LIE","Community health workers (per 1,000 people)","SH.MED.CMHW.P3","","","","","","","","","","","","","","","","","","","","","","","","","","","","","","","","","","","","","","","","","","","","","","","","","","","","","","","","","","","","","",
"Sri Lanka","LKA","Community health workers (per 1,000 people)","SH.MED.CMHW.P3","","","","","","","","","","","","","","","","","","","","","","","","","","","","","","","","","","","","","","","","","","","","","","","","","","","","","","","","","","","","","",
"Lower middle income","LMC","Community health workers (per 1,000 people)","SH.MED.CMHW.P3","","","","","","","","","","","","","","","","","","","","","","","","","","","","","","","","","","","","","","","","","","","","","","","","","","","","0.461073000458211","","","","","","","","","",
"Low & middle income","LMY","Community health workers (per 1,000 people)","SH.MED.CMHW.P3","","","","","","","","","","","","","","","","","","","","","","","","","","","","","","","","","","","","","","","","","","","","","","","","","","","","","","","","","","","","","",
"Lesotho","LSO","Community health workers (per 1,000 people)","SH.MED.CMHW.P3","","","","","","","","","","","","","","","","","","","","","","","","","","","","","","","","","","","","","","","","","","","","","","","","","","","","","","","","","","","","","",
"Late-demographic dividend","LTE","Community health workers (per 1,000 people)","SH.MED.CMHW.P3","","","","","","","","","","","","","","","","","","","","","","","","","","","","","","","","","","","","","","","","","","","","","","","","","","","","","","","","","","","","","",
"Lithuania","LTU","Community health workers (per 1,000 people)","SH.MED.CMHW.P3","","","","","","","","","","","","","","","","","","","","","","","","","","","","","","","","","","","","","","","","","","","","","","","","","","","","","","","","","","","","","",
"Luxembourg","LUX","Community health workers (per 1,000 people)","SH.MED.CMHW.P3","","","","","","","","","","","","","","","","","","","","","","","","","","","","","","","","","","","","","","","","","","","","","","","","","","","","","","","","","","","","","",
"Latvia","LVA","Community health workers (per 1,000 people)","SH.MED.CMHW.P3","","","","","","","","","","","","","","","","","","","","","","","","","","","","","","","","","","","","","","","","","","","","","","","","","","","","","","","","","","","","","",
"Macao SAR, China","MAC","Community health workers (per 1,000 people)","SH.MED.CMHW.P3","","","","","","","","","","","","","","","","","","","","","","","","","","","","","","","","","","","","","","","","","","","","","","","","","","","","","","","","","","","","","",
"St. Martin (French part)","MAF","Community health workers (per 1,000 people)","SH.MED.CMHW.P3","","","","","","","","","","","","","","","","","","","","","","","","","","","","","","","","","","","","","","","","","","","","","","","","","","","","","","","","","","","","","",
"Morocco","MAR","Community health workers (per 1,000 people)","SH.MED.CMHW.P3","","","","","","","","","","","","","","","","","","","","","","","","","","","","","","","","","","","","","","","","","","","","","","","","","","","","","","","","","","","","","",
"Monaco","MCO","Community health workers (per 1,000 people)","SH.MED.CMHW.P3","","","","","","","","","","","","","","","","","","","","","","","","","","","","","","","","","","","","","","","","","","","","","","","","","","","","","","","","","","","","","",
"Moldova","MDA","Community health workers (per 1,000 people)","SH.MED.CMHW.P3","","","","","","","","","","","","","","","","","","","","","","","","","","","","","","","","","","","","","","","","","","","","","","","","","","","","","","","","","","","","","",
"Madagascar","MDG","Community health workers (per 1,000 people)","SH.MED.CMHW.P3","","","","","","","","","","","","","","","","","","","","","","","","","","","","","","","","","","","","","","","","","","","","","","","","","","","","","","","","","","","","","",
"Maldives","MDV","Community health workers (per 1,000 people)","SH.MED.CMHW.P3","","","","","","","","","","","","","","","","","","","","","","","","","","","","","","","","1.019","","1.181","","","1.244","","","","","","","","1.717","","","1.515","","1.57","1.777","","","","1.424","","","","","","",
"Middle East & North Africa","MEA","Community health workers (per 1,000 people)","SH.MED.CMHW.P3","","","","","","","","","","","","","","","","","","","","","","","","","","","","","","","","","","","","","","","","","","","","","","","","","","","","","","","","","","","","","",
"Mexico","MEX","Community health workers (per 1,000 people)","SH.MED.CMHW.P3","","","","","","","","","","","","","","","","","","","","","","","","","","","","","","","","","","","","","","","","","","","","","","","","","","","","","","","","","","","","","",
"Marshall Islands","MHL","Community health workers (per 1,000 people)","SH.MED.CMHW.P3","","","","","","","","","","","","","","","","","","","","","","","","","","","","","","","","","","","","","","","","","","","","","","","","","","","","","","","","","","","","","",
"Middle income","MIC","Community health workers (per 1,000 people)","SH.MED.CMHW.P3","","","","","","","","","","","","","","","","","","","","","","","","","","","","","","","","","","","","","","","","","","","","","","","","","","","","","","","","","","","","","",
"North Macedonia","MKD","Community health workers (per 1,000 people)","SH.MED.CMHW.P3","","","","","","","","","","","","","","","","","","","","","","","","","","","","","","","","","","","","","","","","","","","","","","","","","","","","","","","","","","","","","",
"Mali","MLI","Community health workers (per 1,000 people)","SH.MED.CMHW.P3","","","","","","","","","","","","","","","","","","","","","","","","","","","","","","","","","","","","","","","","","","","","","","","","","","0.008","0.007","","","","","","","","","","",
"Malta","MLT","Community health workers (per 1,000 people)","SH.MED.CMHW.P3","","","","","","","","","","","","","","","","","","","","","","","","","","","","","","","","","","","","","","","","","","","","","","","","","","","","","","","","","","","","","",
"Myanmar","MMR","Community health workers (per 1,000 people)","SH.MED.CMHW.P3","","","","","","","","","","","","","","","","","","","","","","","","","","","","","","","","","","","","","","","","","","","","","0.999","0.077","0.08","0.082","0.082","0.193","0.193","0.194","0.195","","","","","","","","",
"Middle East & North Africa (excluding high income)","MNA","Community health workers (per 1,000 people)","SH.MED.CMHW.P3","","","","","","","","","","","","","","","","","","","","","","","","","","","","","","","","","","","","","","","","","","","","","","","","","","","","","","","","","","","","","",
"Montenegro","MNE","Community health workers (per 1,000 people)","SH.MED.CMHW.P3","","","","","","","","","","","","","","","","","","","","","","","","","","","","","","","","","","","","","","","","","","","","","","","","","","","","","","","","","","","","","",
"Mongolia","MNG","Community health workers (per 1,000 people)","SH.MED.CMHW.P3","","","","","","","","","","","","","","","","","","","","","","","","","","","","","","","","","","","","","","","","","","","","","","","","","0.023","0.123","0.161","","","","","","","","","","",
"Northern Mariana Islands","MNP","Community health workers (per 1,000 people)","SH.MED.CMHW.P3","","","","","","","","","","","","","","","","","","","","","","","","","","","","","","","","","","","","","","","","","","","","","","","","","","","","","","","","","","","","","",
"Mozambique","MOZ","Community health workers (per 1,000 people)","SH.MED.CMHW.P3","","","","","","","","","","","","","","","","","","","","","","","","","","","","","","","","","","","","","","","","","","","","","","","","","","","","","0.047","0.045","","","","","","","",
"Mauritania","MRT","Community health workers (per 1,000 people)","SH.MED.CMHW.P3","","","","","","","","","","","","","","","","","","","","","","","","","","","","","","","","","","","","","","","","","","","","","","","","","","","","","","0.3","","","","","","","",
"Mauritius","MUS","Community health workers (per 1,000 people)","SH.MED.CMHW.P3","","","","","","","","","","","","","","","","","","","","","","","","","","","","","","","","","","","","","","","","","","","","","0.194","","","","","","","","","","","","","","","","",
"Malawi","MWI","Community health workers (per 1,000 people)","SH.MED.CMHW.P3","","","","","","","","","","","","","","","","","","","","","","","","","","","","","","","","","","","","","","","","","","","","","","","","","0.723","","","","","","","","","","","","",
"Malaysia","MYS","Community health workers (per 1,000 people)","SH.MED.CMHW.P3","","","","","","","","","","","","","","","","","","","","","","","","","","","","","","","","","","","","","","","","","","","","","","","","","","","0.435","","","","","","","","","","",
"North America","NAC","Community health workers (per 1,000 people)","SH.MED.CMHW.P3","","","","","","","","","","","","","","","","","","","","","","","","","","","","","","","","","","","","","","","","","","","","","","","","","","","","","","","","","","","","","",
"Namibia","NAM","Community health workers (per 1,000 people)","SH.MED.CMHW.P3","","","","","","","","","","","","","","","","","","","","","","","","","","","","","","","","","","","","","","","","","","","","","","","","","","","","","","","","","","","","","",
"New Caledonia","NCL","Community health workers (per 1,000 people)","SH.MED.CMHW.P3","","","","","","","","","","","","","","","","","","","","","","","","","","","","","","","","","","","","","","","","","","","","","","","","","","","","","","","","","","","","","",
"Niger","NER","Community health workers (per 1,000 people)","SH.MED.CMHW.P3","","","","","","","","","","","","","","","","","","","","","","","","","","","","","","","","","","","","","","","","","","","","","","","","","","","","","","","","","","","","","",
"Nigeria","NGA","Community health workers (per 1,000 people)","SH.MED.CMHW.P3","","","","","","","","","","","","","","","","","","","","","","","","","","","","","","","","","","","","","","","","","","","","","","","","0.131","0.128","","","","","","","","","","","","",
"Nicaragua","NIC","Community health workers (per 1,000 people)","SH.MED.CMHW.P3","","","","","","","","","","","","","","","","","","","","","","","","","","","","","","","","","","","","","","","","","","","","","","","","","","","","","","","","","","","","","",
"Netherlands","NLD","Community health workers (per 1,000 people)","SH.MED.CMHW.P3","","","","","","","","","","","","","","","","","","","","","","","","","","","","","","","","","","","","","","","","","","","","","","","","","","","","","","","","","","","","","",
"Norway","NOR","Community health workers (per 1,000 people)","SH.MED.CMHW.P3","","","","","","","","","","","","","","","","","","","","","","","","","","","","","","","","","","","","","","","","","","","","","","","","","","","","","","","","","","","","","",
"Nepal","NPL","Community health workers (per 1,000 people)","SH.MED.CMHW.P3","","","","","","","","","","","","","","","","","","","","","","","","","","","","","","","","","","","","","","","","","","","","","0.684","","","","","","","","","","","","","","","","",
"Nauru","NRU","Community health workers (per 1,000 people)","SH.MED.CMHW.P3","","","","","","","","","","","","","","","","","","","","","","","","","","","","","","","","","","","","","","","","","","","","","","","","","1.393","0.299","","1.693","","","","","","","","","",
"New Zealand","NZL","Community health workers (per 1,000 people)","SH.MED.CMHW.P3","","","","","","","","","","","","","","","","","","","","","","","","","","","","","","","","","","","","","","","","","","","","","","","","","","","","","","","","","","","","","",
"OECD members","OED","Community health workers (per 1,000 people)","SH.MED.CMHW.P3","","","","","","","","","","","","","","","","","","","","","","","","","","","","","","","","","","","","","","","","","","","","","","","","","","","","","","","","","","","","","",
"Oman","OMN","Community health workers (per 1,000 people)","SH.MED.CMHW.P3","","","","","","","","","","","","","","","","","","","","","","","","","","","","","","","","","","","","","","","","","","","","","","","","","","","","","","","","","","","","","",
"Other small states","OSS","Community health workers (per 1,000 people)","SH.MED.CMHW.P3","","","","","","","","","","","","","","","","","","","","","","","","","","","","","","","","","","","","","","","","","","","","","","","","","","","","","","","","","","","","","",
"Pakistan","PAK","Community health workers (per 1,000 people)","SH.MED.CMHW.P3","","","","","","","","","","","","","","","","","","","","","","","","","","","","","","","","","0.033","0.034","0.034","0.034","0.035","0.036","0.038","0.039","0.039","0.04","","","","","","","0.061","0.064","0.068","0.073","","","","0.087","","","","","",
"Panama","PAN","Community health workers (per 1,000 people)","SH.MED.CMHW.P3","","","","","","","","","","","","","","","","","","","","","","","","","","","","","","","","","","","","","","","","","0.46","","","","","","","","","","","","","","","","","","","","",
"Peru","PER","Community health workers (per 1,000 people)","SH.MED.CMHW.P3","","","","","","","","","","","","","","","","","","","","","","","","","","","","","","","","","","","","","","","","","","","","","","","","","","","","","","","","","","","","","",
"Philippines","PHL","Community health workers (per 1,000 people)","SH.MED.CMHW.P3","","","","","","","","","","","","","","","","","","","","","","","","","","","","","","","","","","","","","","","","","","","","","","","","","","","","","","","","","","","","","",
"Palau","PLW","Community health workers (per 1,000 people)","SH.MED.CMHW.P3","","","","","","","","","","","","","","","","","","","","","","","","","","","","","","","","","","","","","","","","","","","","","","","","","","","","","","","","","","","","","",
"Papua New Guinea","PNG","Community health workers (per 1,000 people)","SH.MED.CMHW.P3","","","","","","","","","","","","","","","","","","","","","","","","","","","","","","","","","","","","","","","","","","","","","","","","","0.594","","","","","","","","","","","","",
"Poland","POL","Community health workers (per 1,000 people)","SH.MED.CMHW.P3","","","","","","","","","","","","","","","","","","","","","","","","","","","","","","","","","","","","","","","","","","","","","","","","","","","","","","","","","","","","","",
"Pre-demographic dividend","PRE","Community health workers (per 1,000 people)","SH.MED.CMHW.P3","","","","","","","","","","","","","","","","","","","","","","","","","","","","","","","","","","","","","","","","","","","","","","","","","","","","","","","","","","","","","",
"Puerto Rico","PRI","Community health workers (per 1,000 people)","SH.MED.CMHW.P3","","","","","","","","","","","","","","","","","","","","","","","","","","","","","","","","","","","","","","","","","","","","","","","","","","","","","","","","","","","","","",
"Korea, Dem. People's Rep.","PRK","Community health workers (per 1,000 people)","SH.MED.CMHW.P3","","","","","","","","","","","","","","","","","","","","","","","","","","","","","","","","","","","","","","","","","","","","","","","","","","","","","","","","","","","","","",
"Portugal","PRT","Community health workers (per 1,000 people)","SH.MED.CMHW.P3","","","","","","","","","","","","","","","","","","","","","","","","","","","","","","","","","","","","","","","","","","","","","","","","","","","","","","","","","","","","","",
"Paraguay","PRY","Community health workers (per 1,000 people)","SH.MED.CMHW.P3","","","","","","","","","","","","","","","","","","","","","","","","","","","","","","","","","","","","","","","","","","","","","","","","","","","","","","","","","","","","","",
"West Bank and Gaza","PSE","Community health workers (per 1,000 people)","SH.MED.CMHW.P3","","","","","","","","","","","","","","","","","","","","","","","","","","","","","","","","","","","","","","","","","","","","","","","","","","","","","","","","","","","","","",
"Pacific island small states","PSS","Community health workers (per 1,000 people)","SH.MED.CMHW.P3","","","","","","","","","","","","","","","","","","","","","","","","","","","","","","","","","","","","","","","","","","","","","","","","","","","","","","","","","","","","","",
"Post-demographic dividend","PST","Community health workers (per 1,000 people)","SH.MED.CMHW.P3","","","","","","","","","","","","","","","","","","","","","","","","","","","","","","","","","","","","","","","","","","","","","","","","","","","","","","","","","","","","","",
"French Polynesia","PYF","Community health workers (per 1,000 people)","SH.MED.CMHW.P3","","","","","","","","","","","","","","","","","","","","","","","","","","","","","","","","","","","","","","","","","","","","","","","","","","","","","","","","","","","","","",
"Qatar","QAT","Community health workers (per 1,000 people)","SH.MED.CMHW.P3","","","","","","","","","","","","","","","","","","","","","","","","","","","","","","","","","","","","","","","","","","","","","","","","","","","","","","","","","","","","","",
"Romania","ROU","Community health workers (per 1,000 people)","SH.MED.CMHW.P3","","","","","","","","","","","","","","","","","","","","","","","","","","","","","","","","","","","","","","","","","","","","","","","","","","","","","","","","","","","","","",
"Russian Federation","RUS","Community health workers (per 1,000 people)","SH.MED.CMHW.P3","","","","","","","","","","","","","","","","","","","","","","","","","","","","","","","","","","","","","","","","","","","","","","","","","","","","","","","","","","","","","",
"Rwanda","RWA","Community health workers (per 1,000 people)","SH.MED.CMHW.P3","","","","","","","","","","","","","","","","","","","","","","","","","","","","","","","","","","","","","","","","","","","","","1.359","","","","","","","","","","","","","","","","",
"South Asia","SAS","Community health workers (per 1,000 people)","SH.MED.CMHW.P3","","","","","","","","","","","","","","","","","","","","","","","","","","","","","","","0.140921080916653","","","","","","","","","","","","","","","","","","","","","0.513904191364302","","","","","","","","","",
"Saudi Arabia","SAU","Community health workers (per 1,000 people)","SH.MED.CMHW.P3","","","","","","","","","","","","","","","","","","","","","","","","","","","","","","","","","","","","","","","","","","","","","","","","","","","","","","","","","","","","","",
"Sudan","SDN","Community health workers (per 1,000 people)","SH.MED.CMHW.P3","","","","","","","","","","","","","","","","","","","","","","","","","","","","","","","","","","","","","","","","","","","","","0.151","","","","","","","","","","","","","","","","",
"Senegal","SEN","Community health workers (per 1,000 people)","SH.MED.CMHW.P3","","","","","","","","","","","","","","","","","","","","","","","","","","","","","","","","","","","","","","","","","","","","","","","","","","","","","","","","","0","","","","",
"Singapore","SGP","Community health workers (per 1,000 people)","SH.MED.CMHW.P3","","","","","","","","","","","","","","","","","","","","","","","","","","","","","","","","","","","","","","","","","","","","","","","","","","","","","0.402","0.399","","","0.503","","","","",
"Solomon Islands","SLB","Community health workers (per 1,000 people)","SH.MED.CMHW.P3","","","","","","","","","","","","","","","","","","","","","","","","","","","","","","","","","","","","","","","","","","","","","","","","","","","","","","","","","","","","","",
"Sierra Leone","SLE","Community health workers (per 1,000 people)","SH.MED.CMHW.P3","","","","","","","","","","","","","","","","","","","","","","","","","","","","","","","","","","","","","","","","","","","","","0.115","","","","0.024","","0.023","","","","","","","","","","",
"El Salvador","SLV","Community health workers (per 1,000 people)","SH.MED.CMHW.P3","","","","","","","","","","","","","","","","","","","","","","","","","","","","","","","","","","","","","","","","","","","","","","","","","","","","","","","","","","","","","",
"San Marino","SMR","Community health workers (per 1,000 people)","SH.MED.CMHW.P3","","","","","","","","","","","","","","","","","","","","","","","","","","","","","","","","","","","","","","","","","","","","","","","","","","","","","","","","","","","","","",
"Somalia","SOM","Community health workers (per 1,000 people)","SH.MED.CMHW.P3","","","","","","","","","","","","","","","","","","","","","","","","","","","","","","","","","","","","","","","","","","","","","","","","","","","","","","","","","","","","","",
"Serbia","SRB","Community health workers (per 1,000 people)","SH.MED.CMHW.P3","","","","","","","","","","","","","","","","","","","","","","","","","","","","","","","","","","","","","","","","","","","","","","","","","","","","","","","","","","","","","",
"Sub-Saharan Africa (excluding high income)","SSA","Community health workers (per 1,000 people)","SH.MED.CMHW.P3","","","","","","","","","","","","","","","","","","","","","","","","","","","","","","","","","","","","","","","","","","","","","","","","","","","","","","","","","","","","","",
"South Sudan","SSD","Community health workers (per 1,000 people)","SH.MED.CMHW.P3","","","","","","","","","","","","","","","","","","","","","","","","","","","","","","","","","","","","","","","","","","","","","","","","","","","","","","","","","","","","","",
"Sub-Saharan Africa","SSF","Community health workers (per 1,000 people)","SH.MED.CMHW.P3","","","","","","","","","","","","","","","","","","","","","","","","","","","","","","","","","","","","","","","","","","","","","","","","","","","","","","","","","","","","","",
"Small states","SST","Community health workers (per 1,000 people)","SH.MED.CMHW.P3","","","","","","","","","","","","","","","","","","","","","","","","","","","","","","","","","","","","","","","","","","","","","","","","","","","","","","","","","","","","","",
"Sao Tome and Principe","STP","Community health workers (per 1,000 people)","SH.MED.CMHW.P3","","","","","","","","","","","","","","","","","","","","","","","","","","","","","","","","","","","","","","","","","","","","","1.002","","","","","","","","","","","","","","","","",
"Suriname","SUR","Community health workers (per 1,000 people)","SH.MED.CMHW.P3","","","","","","","","","","","","","","","","","","","","","","","","","","","","","","","","","","","","","","","","","","","","","","","","","","","","","","","","","","","","","",
"Slovak Republic","SVK","Community health workers (per 1,000 people)","SH.MED.CMHW.P3","","","","","","","","","","","","","","","","","","","","","","","","","","","","","","","","","","","","","","","","","","","","","","","","","","","","","","0.018","","","","","","","",
"Slovenia","SVN","Community health workers (per 1,000 people)","SH.MED.CMHW.P3","","","","","","","","","","","","","","","","","","","","","","","","","","","","","","","","","","","","","","","","","","","","","","","","","","","","","","","","","","","","","",
"Sweden","SWE","Community health workers (per 1,000 people)","SH.MED.CMHW.P3","","","","","","","","","","","","","","","","","","","","","","","","","","","","","","","","","","","","","","","","","","","","","","","","","","","","","","","","","","","","","",
"Eswatini","SWZ","Community health workers (per 1,000 people)","SH.MED.CMHW.P3","","","","","","","","","","","","","","","","","","","","","","","","","","","","","","","","","","","","","","","","","","","","","3.654","","","","","","","","","","","","","","","","",
"Sint Maarten (Dutch part)","SXM","Community health workers (per 1,000 people)","SH.MED.CMHW.P3","","","","","","","","","","","","","","","","","","","","","","","","","","","","","","","","","","","","","","","","","","","","","","","","","","","","","","","","","","","","","",
"Seychelles","SYC","Community health workers (per 1,000 people)","SH.MED.CMHW.P3","","","","","","","","","","","","","","","","","","","","","","","","","","","","","","","","","","","","","","","","","","","","","","","","","","","","","","","","","","","","","",
"Syrian Arab Republic","SYR","Community health workers (per 1,000 people)","SH.MED.CMHW.P3","","","","","","","","","","","","","","","","","","","","","","","","","","","","","","","","","","","","","","","","","","","","","","","","","","","","","","","","","","","","","",
"Turks and Caicos Islands","TCA","Community health workers (per 1,000 people)","SH.MED.CMHW.P3","","","","","","","","","","","","","","","","","","","","","","","","","","","","","","","","","","","","","","","","","","","","","","","","","","","","","","","","","","","","","",
"Chad","TCD","Community health workers (per 1,000 people)","SH.MED.CMHW.P3","","","","","","","","","","","","","","","","","","","","","","","","","","","","","","","","","","","","","","","","","","","","","0.016","","","","","","","","","","","","","","","","",
"East Asia & Pacific (IDA & IBRD countries)","TEA","Community health workers (per 1,000 people)","SH.MED.CMHW.P3","","","","","","","","","","","","","","","","","","","","","","","","","","","","","","","1.061","","","","","","","","","","0.986744732666023","","","","","","","","","","","0.681481494146552","","","","","","","","","",
"Europe & Central Asia (IDA & IBRD countries)","TEC","Community health workers (per 1,000 people)","SH.MED.CMHW.P3","","","","","","","","","","","","","","","","","","","","","","","","","","","","","","","","","","","","","","","","","","","","","","","","","","","","","","","","","","","","","",
"Togo","TGO","Community health workers (per 1,000 people)","SH.MED.CMHW.P3","","","","","","","","","","","","","","","","","","","","","","","","","","","","","","","","","","","","","","","","","","","","","","","","","","","","","","","","","","","","","",
"Thailand","THA","Community health workers (per 1,000 people)","SH.MED.CMHW.P3","","","","","","","","","","","","","","","","","","","","","","","","","","","","","","","","","","","","","","","","","0.059","","","","","","","","","","","","","","","","","","","","",
"Tajikistan","TJK","Community health workers (per 1,000 people)","SH.MED.CMHW.P3","","","","","","","","","","","","","","","","","","","","","","","","","","","","","","","","","","","","","","","","","","","","","","","","","","","","","","","","","","","","","",
"Turkmenistan","TKM","Community health workers (per 1,000 people)","SH.MED.CMHW.P3","","","","","","","","","","","","","","","","","","","","","","","","","","","","","","","","","","","","","","","","","","","","","","","","","","","","","","","","","","","","","",
"Latin America & the Caribbean (IDA & IBRD countries)","TLA","Community health workers (per 1,000 people)","SH.MED.CMHW.P3","","","","","","","","","","","","","","","","","","","","","","","","","","","","","","","","","","","","","","","","","","","","","","","","","","","","","","","","","","","","","",
"Timor-Leste","TLS","Community health workers (per 1,000 people)","SH.MED.CMHW.P3","","","","","","","","","","","","","","","","","","","","","","","","","","","","","","","","","","","","","","","","","","","","","0.01","","","","","","","","","","","","","","","","",
"Middle East & North Africa (IDA & IBRD countries)","TMN","Community health workers (per 1,000 people)","SH.MED.CMHW.P3","","","","","","","","","","","","","","","","","","","","","","","","","","","","","","","","","","","","","","","","","","","","","","","","","","","","","","","","","","","","","",
"Tonga","TON","Community health workers (per 1,000 people)","SH.MED.CMHW.P3","","","","","","","","","","","","","","","","","","","","","","","","","","","","","","","","","","","","","","","","","","","","","","","","","","","","","","","","","","","","","",
"South Asia (IDA & IBRD)","TSA","Community health workers (per 1,000 people)","SH.MED.CMHW.P3","","","","","","","","","","","","","","","","","","","","","","","","","","","","","","","0.140921080916653","","","","","","","","","","","","","","","","","","","","","0.513904191364302","","","","","","","","","",
"Sub-Saharan Africa (IDA & IBRD countries)","TSS","Community health workers (per 1,000 people)","SH.MED.CMHW.P3","","","","","","","","","","","","","","","","","","","","","","","","","","","","","","","","","","","","","","","","","","","","","","","","","","","","","","","","","","","","","",
"Trinidad and Tobago","TTO","Community health workers (per 1,000 people)","SH.MED.CMHW.P3","","","","","","","","","","","","","","","","","","","","","","","","","","","","","","","","","","","","","","","","","","","","","","","","","","","","","","","","","","","","","",
"Tunisia","TUN","Community health workers (per 1,000 people)","SH.MED.CMHW.P3","","","","","","","","","","","","","","","","","","","","","","","","","","","","","","","","","","","","","","","","","","","","","","","","","","","","","","","","","","","","","",
"Turkey","TUR","Community health workers (per 1,000 people)","SH.MED.CMHW.P3","","","","","","","","","","","","","","","","","","","","","","","","","","","","","","","","","","","","","","","","","","","","","","","","","","","","","","","","","","","","","",
"Tuvalu","TUV","Community health workers (per 1,000 people)","SH.MED.CMHW.P3","","","","","","","","","","","","","","","","","","","","","","","","","","","","","","","","","","","","","","","","","","","","","","","","","","","","","","","","","","","","","",
"Tanzania","TZA","Community health workers (per 1,000 people)","SH.MED.CMHW.P3","","","","","","","","","","","","","","","","","","","","","","","","","","","","","","","","","","","","","","","","","","","","","","","","","","","","","","","","","","","","","",
"Uganda","UGA","Community health workers (per 1,000 people)","SH.MED.CMHW.P3","","","","","","","","","","","","","","","","","","","","","","","","","","","","","","","","","","","","","","","","","","","","","","0.194","","","","","","","","","","","","","","","",
"Ukraine","UKR","Community health workers (per 1,000 people)","SH.MED.CMHW.P3","","","","","","","","","","","","","","","","","","","","","","","","","","","","","","","","","","","","","","","","","","","","","","","","","","","","","","","","","","","","","",
"Upper middle income","UMC","Community health workers (per 1,000 people)","SH.MED.CMHW.P3","","","","","","","","","","","","","","","","","","","","","","","","","","","","","","","","","","","","","","","","","","","","","","","","","","","","","","","","","","","","","",
"Uruguay","URY","Community health workers (per 1,000 people)","SH.MED.CMHW.P3","","","","","","","","","","","","","","","","","","","","","","","","","","","","","","","","","","","","","","","","","","","","","","","","","","","","","","","","","","","","","",
"United States","USA","Community health workers (per 1,000 people)","SH.MED.CMHW.P3","","","","","","","","","","","","","","","","","","","","","","","","","","","","","","","","","","","","","","","","","","","","","","","","","","","","","","","","","","","","","",
"Uzbekistan","UZB","Community health workers (per 1,000 people)","SH.MED.CMHW.P3","","","","","","","","","","","","","","","","","","","","","","","","","","","","","","","","","","","","","","","","","","","","","","","","","","","","","","","","","","","","","",
"St. Vincent and the Grenadines","VCT","Community health workers (per 1,000 people)","SH.MED.CMHW.P3","","","","","","","","","","","","","","","","","","","","","","","","","","","","","","","","","","","","","","","","","0.417","","","","","","","","","","","","","","","","","","","","",
"Venezuela, RB","VEN","Community health workers (per 1,000 people)","SH.MED.CMHW.P3","","","","","","","","","","","","","","","","","","","","","","","","","","","","","","","","","","","","","","","","","","","","","","","","","","","","","","","","","","","","","",
"British Virgin Islands","VGB","Community health workers (per 1,000 people)","SH.MED.CMHW.P3","","","","","","","","","","","","","","","","","","","","","","","","","","","","","","","","","","","","","","","","","","","","","","","","","","","","","","","","","","","","","",
"Virgin Islands (U.S.)","VIR","Community health workers (per 1,000 people)","SH.MED.CMHW.P3","","","","","","","","","","","","","","","","","","","","","","","","","","","","","","","","","","","","","","","","","","","","","","","","","","","","","","","","","","","","","",
"Vietnam","VNM","Community health workers (per 1,000 people)","SH.MED.CMHW.P3","","","","","","","","","","","","","","","","","","","","","","","","","","","","","","","","","","","","","","","","","","","","","","","","","","","","","","","","","","","","","",
"Vanuatu","VUT","Community health workers (per 1,000 people)","SH.MED.CMHW.P3","","","","","","","","","","","","","","","","","","","","","","","","","","","","","","","","","","","","","","","","","","","","","","","","0.514","0.941","","","","","","","","","","","","",
"World","WLD","Community health workers (per 1,000 people)","SH.MED.CMHW.P3","","","","","","","","","","","","","","","","","","","","","","","","","","","","","","","","","","","","","","","","","","","","","","","","","","","","","","","","","","","","","",
"Samoa","WSM","Community health workers (per 1,000 people)","SH.MED.CMHW.P3","","","","","","","","","","","","","","","","","","","","","","","","","","","","","","","","","","","","","","","","","","","","","","","","","","","","","","","","","","","","","",
"Kosovo","XKX","Community health workers (per 1,000 people)","SH.MED.CMHW.P3","","","","","","","","","","","","","","","","","","","","","","","","","","","","","","","","","","","","","","","","","","","","","","","","","","","","","","","","","","","","","",
"Yemen, Rep.","YEM","Community health workers (per 1,000 people)","SH.MED.CMHW.P3","","","","","","","","","","","","","","","","","","","","","","","","","","","","","","","","","","","","","","","","","","","","","0.128","","","","","","0.001","","","","","","","","","","",
"South Africa","ZAF","Community health workers (per 1,000 people)","SH.MED.CMHW.P3","","","","","","","","","","","","","","","","","","","","","","","","","","","","","","","","","","","","","","","","","","","","","0.192","","","","","","","","","","","","","","","","",
"Zambia","ZMB","Community health workers (per 1,000 people)","SH.MED.CMHW.P3","","","","","","","","","","","","","","","","","","","","","","","","","","","","","","","","","","","","","","","","","","","","","","0.372","","","0.287","","","","","","","","","","","","",
"Zimbabwe","ZWE","Community health workers (per 1,000 people)","SH.MED.CMHW.P3","","","","","","","","","","","","","","","","","","","","","","","","","","","","","","","","","","","","","","","","","","","","","","","","","","","","","","","","","","","","","",
